tanda;grupo;idioma;consulta;cos_max;tau_idioma;clasifica_bien;pasaje_num;pasaje_recuperado
1;dentro;es;¿Cómo se deben pintar las sombras sobre una figura?;0.8270;0.8017;si;554;"OF THE JUDGMENT TO BE MADE OF A PAINTER'S WORK. First you must consider whether the figures have the relief required by their situation and the light which illuminates them; for the shadows should not be the same at the extreme ends of the composition as in the middle, because it is one thing when figures are surrounded by shadows and another when they have shadows only on one side. Those which ar"
1;dentro;es;¿Por qué las montañas lejanas se ven azuladas?;0.8027;0.8017;si;981;"The summits of mountains for a long time rise constantly. The opposite sides of the mountains always approach each other below; the depths of the valleys which are above the sphere of the waters are in the course of time constantly getting nearer to the centre of the world. In an equal period, the valleys sink much more than the mountains rise. The bases of the mountains always come closer togethe"
1;dentro;es;¿Cómo se mueve el agua de un río cuando encuentra un obstáculo?;0.8263;0.8017;si;927;Water gives the first impetus to its motion. A book of the levelling of waters by various means, A book of diverting rivers from places where they do mischief. A book of guiding rivers which occupy too much ground. A book of parting rivers into several branches and making them fordable. A book of the waters which with various currents pass through seas. A book of deepening the beds of rivers by me
1;dentro;es;¿Cómo hacen los pájaros para sostenerse en el aire sin batir las alas?;0.8179;0.8017;si;1123;"Remember that your flying machine must imitate no other than the bat, because the web is what by its union gives the armour, or strength to the wings. If you imitate the wings of feathered birds, you will find a much stronger structure, because they are pervious; that is, their feathers are separate and the air passes through them. But the bat is aided by the web that connects the whole and is not"
1;dentro;es;¿Cuáles son las proporciones del cuerpo humano?;0.8268;0.8017;si;334;From the roots of the hair to the top of the breast _a b_ is the sixth part of the height of a man and this measure is equal. From the outside part of one shoulder to the other is the same distance as from the top of the breast to the navel and this measure goes four times from the sole of the foot to the lower end of the nose. The [thickness of] the arm where it springs from the shoulder in front
1;dentro;es;¿Qué debe estudiar un joven que quiere aprender a pintar?;0.8288;0.8017;si;483;The youth should first learn perspective, then the proportions of objects. Then he may copy from some good master, to accustom himself to fine forms. Then from nature, to confirm by practice the rules he has learnt. Then see for a time the works of various masters. Then get the habit of putting his art into practice and work.
1;dentro;es;¿Cómo se representa la luz sobre un rostro?;0.8186;0.8017;si;519;That the light should fall upon a picture from one window only. This may be seen in the case of objects in this form. If you want to represent a round ball at a certain height you must make it oval in this shape, and stand so far off as that by foreshortening it appears round.
1;dentro;es;¿Cómo están dispuestos los músculos del brazo?;0.8025;0.8017;si;595;"OF THE DISPOSITION OF LIMBS. As regards the disposition of limbs in movement you will have to consider that when you wish to represent a man who, by some chance, has to turn backwards or to one side, you must not make him move his feet and all his limbs towards the side to which he turns his head. Rather must you make the action proceed by degrees and through the different joints; that is, those o"
1;dentro;es;¿Qué le pasa al color de las cosas cuando están muy lejos?;0.8251;0.8017;si;296;The medium lying between the eye and the object seen, tinges that object with its colour, as the blueness of the atmosphere makes the distant mountains appear blue and red glass makes objects seen beyond it, look red. The light shed round them by the stars is obscured by the darkness of the night which lies between the eye and the radiant light of the stars.
1;dentro;es;¿Cómo se forman los remolinos en el agua?;0.8021;0.8017;si;993;"You now have to prove that the shells cannot have originated if not in salt water, almost all being of that sort; and that the shells in Lombardy are at four levels, and thus it is everywhere, having been made at various times. And they all occur in valleys that open towards the seas."
1;dentro;en;How should shadows be painted upon a figure?;0.8971;0.8592;si;554;"OF THE JUDGMENT TO BE MADE OF A PAINTER'S WORK. First you must consider whether the figures have the relief required by their situation and the light which illuminates them; for the shadows should not be the same at the extreme ends of the composition as in the middle, because it is one thing when figures are surrounded by shadows and another when they have shadows only on one side. Those which ar"
1;dentro;en;Why do distant mountains appear blue?;0.9027;0.8592;si;461;"OF PAINTING. In landscapes which represent [a scene in] winter. The mountains should not be shown blue, as we see in the mountains in the summer. And this is proved in the 4th of this which says: Among mountains seen from a great distance those will look of the bluest colour which are in themselves the darkest; hence, when the trees are stripped of their leaves, they will show a bluer tinge which "
1;dentro;en;How does the water of a river move when it meets an obstacle?;0.8852;0.8592;si;972;"When a smaller river pours its waters into a larger one, and that larger one flows from the opposite direction, the course of the smaller river will bend up against the approach of the larger river; and this happens because, when the larger river fills up all its bed with water, it makes an eddy in front of the mouth of the other river, and so carries the water poured in by the smaller river with "
1;dentro;en;How do birds stay aloft without beating their wings?;0.8758;0.8592;si;1123;"Remember that your flying machine must imitate no other than the bat, because the web is what by its union gives the armour, or strength to the wings. If you imitate the wings of feathered birds, you will find a much stronger structure, because they are pervious; that is, their feathers are separate and the air passes through them. But the bat is aided by the web that connects the whole and is not"
1;dentro;en;What are the proportions of the human body?;0.8714;0.8592;si;343;"Vitruvius, the architect, says in his work on architecture that the measurements of the human body are distributed by Nature as follows: that is that 4 fingers make 1 palm, and 4 palms make 1 foot, 6 palms make 1 cubit; 4 cubits make a man's height. And 4 cubits make one pace and 24 palms make a man; and these measures he used in his buildings. If you open your legs so much as to decrease your hei"
1;dentro;en;What should a young man study who wants to learn to paint?;0.8774;0.8592;si;483;The youth should first learn perspective, then the proportions of objects. Then he may copy from some good master, to accustom himself to fine forms. Then from nature, to confirm by practice the rules he has learnt. Then see for a time the works of various masters. Then get the habit of putting his art into practice and work.
1;dentro;en;How is light rendered upon a face?;0.8850;0.8592;si;565;That you ought, when representing objects above the eye and on one side--if you wish them to look detached from the wall--to show, between the shadow on the object and the shadow it casts a middle light, so that the body will appear to stand away from the wall. On the lighting of white objects.
1;dentro;en;How are the muscles of the arm arranged?;0.8800;0.8592;si;799;THE ARRANGEMENT OF ANATOMY First draw the bones, let us say, of the arm, and put in the motor muscle from the shoulder to the elbow with all its lines. Then proceed in the same way from the elbow to the wrist. Then from the wrist to the hand and from the hand to the fingers. And in the arm you will put the motors of the fingers which open, and these you will show separately in their demonstration.
1;dentro;en;What happens to the colour of things when they are very far away?;0.8888;0.8592;si;268;The surface of every opaque body is affected by the colour of the objects surrounding it. But this effect will be strong or weak in proportion as those objects are more or less remote and more or less strongly [coloured].
1;dentro;en;How are eddies and whirlpools formed in water?;0.8948;0.8592;si;389;"Observe the motion of the surface of the water which resembles that of hair, and has two motions, of which one goes on with the flow of the surface, the other forms the lines of the eddies; thus the water forms eddying whirlpools one part of which are due to the impetus of the principal current and the other to the incidental motion and return flow. On draperies (390--392)."
1;fuera;es;¿Qué opinás de la Mona Lisa y de su sonrisa?;0.8013;0.8017;si;1560;"Ut bene respondet Naturae ars docta! dedisset Vincius, ut tribuit cetera  sic animam  Noluit ut similis magis haec foret: altera sic est: Possidet illius Maurus amans animam. Hujus quam cernis nomen Lucretia, Divi Omnia cui larga contribuere manu. Rara huic forma data est; pinxit Leonardos, amavit Maurus, pictorum primus hic, ille ducum. Naturam, ac superas hac laesit imagine Divas Pictor: tantu"
1;fuera;es;¿Qué pensás de Miguel Ángel como rival?;0.8007;0.8017;si;1560;"Ut bene respondet Naturae ars docta! dedisset Vincius, ut tribuit cetera  sic animam  Noluit ut similis magis haec foret: altera sic est: Possidet illius Maurus amans animam. Hujus quam cernis nomen Lucretia, Divi Omnia cui larga contribuere manu. Rara huic forma data est; pinxit Leonardos, amavit Maurus, pictorum primus hic, ille ducum. Naturam, ac superas hac laesit imagine Divas Pictor: tantu"
1;fuera;es;¿Estuviste enamorado alguna vez?;0.7900;0.8017;si;1560;"Ut bene respondet Naturae ars docta! dedisset Vincius, ut tribuit cetera  sic animam  Noluit ut similis magis haec foret: altera sic est: Possidet illius Maurus amans animam. Hujus quam cernis nomen Lucretia, Divi Omnia cui larga contribuere manu. Rara huic forma data est; pinxit Leonardos, amavit Maurus, pictorum primus hic, ille ducum. Naturam, ac superas hac laesit imagine Divas Pictor: tantu"
1;fuera;es;¿Cómo fue tu muerte en Francia?;0.7846;0.8017;si;1377;"The Magnifico Giuliano de' Medici left Rome on the 9th of January 1515, just at daybreak, to take a wife in Savoy; and on the same day fell the death of the king of France."
1;fuera;es;¿Qué opinás de las elecciones presidenciales de este año?;0.7788;0.8017;si;900;OF THE MOON. All my opponent's arguments to say that there is no water in the moon.
1;fuera;es;¿Cómo funciona la inteligencia artificial?;0.7912;0.8017;si;1558;"**IlavTcov avTKX[AcpXt(uv Suo soostai smataupovTou; 2irptoo[Aiaaai w avepu>uo? 'Ae7]vac ToT? Qs.oi<; 8sj(o[j-ai.** C.A.130a; 397a]"
1;fuera;es;¿Quién va a ganar el Mundial de fútbol?;0.7692;0.8017;si;1069;GERMANY. FRANCE. a. Austria, a. Picardy. b. Saxony. b. Normandy. c. Nuremberg. c. Dauphine. d. Flanders. SPAIN. a. Biscay. b. Castille. c. Galicia. d. Portugal. e. Taragona. f. Granada.
1;fuera;es;¿Cuál es el mejor teléfono celular del mercado?;0.7642;0.8017;si;1565;XVIo* C. 6 de Ciuitate Dei, 2*se Antipodes.
1;fuera;es;¿Qué te parece la política migratoria de la Unión Europea?;0.7862;0.8017;si;1060;"And this may be seen, as I saw it, by any one going up Monbroso , a peak of the Alps which divide France from Italy. The base of this mountain gives birth to the 4 rivers which flow in four different directions through the whole of Europe. And no mountain has its base at so great a height as this, which lifts itself above almost all the clouds; and snow seldom falls there, but only hail in the sum"
1;fuera;es;¿Cuánto sale un pasaje de avión a Madrid?;0.7405;0.8017;si;820;Of the flight of the 4th kind of butterflies that consume winged ants. Of the three principal positions of the wings of birds in downward flight.
1;fuera;en;What do you think of the Mona Lisa and her smile?;0.8544;0.8592;si;1404;Giovannina, has a fantastic face,--is at Santa Caterina, at the Hospital. I.2 IIa]
1;fuera;en;What did you think of Michelangelo as a rival?;0.8373;0.8592;si;1489;"_It may be incidentally remarked that no sketches are known for the portrait of ""Mona Lisa"", nor do the MS. notes ever allude to it, though according to Vasari the master had it in hand for fully four years. Leonardo's cartoon for the picture of the battle of Anghiari has shared the fate of the rival work, Michaelangelo's ""Bathers summoned to Battle"". Both have been lost in some wholly inexplicabl"
1;fuera;en;Were you ever in love with anyone?;0.8257;0.8592;si;1382;Ask maestro Lodovico for 'the conduits of water'. F1. Uff.]
1;fuera;en;Tell me about your death in France.;0.8500;0.8592;si;1382;Ask maestro Lodovico for 'the conduits of water'. F1. Uff.]
1;fuera;en;What is your opinion on this year's presidential election?;0.8432;0.8592;si;697;A felled tree which is shooting again. I am still hopeful. A falcon, Time.
1;fuera;en;How does artificial intelligence work?;0.8458;0.8592;si;66;"The images of objects are all diffused through the atmosphere which receives them; and all on every side in it. To prove this, let _a c e_ be objects of which the images are admitted to a dark chamber by the small holes _n p_ and thrown upon the plane _f i_ opposite to these holes. As many images will be produced in the chamber on the plane as the number of the said holes."
1;fuera;en;Who is going to win the football World Cup?;0.8123;0.8592;si;1299;Blood will be seen issuing from the torn flesh of men, and trickling down the surface. Men will have such cruel maladies that they will tear their flesh with their own nails. *(The Itch.)* Plants will be seen left without leaves, and the rivers standing still in their channels. The waters of the sea will rise above the high peaks of the mountains towards heaven and fall again on to the dwellings o
1;fuera;en;What is the best mobile phone on the market?;0.8062;0.8592;si;900;OF THE MOON. All my opponent's arguments to say that there is no water in the moon.
1;fuera;en;What do you make of the European Union's immigration policy?;0.8120;0.8592;si;1382;Ask maestro Lodovico for 'the conduits of water'. F1. Uff.]
1;fuera;en;How much does a plane ticket to Madrid cost?;0.7721;0.8592;si;103;"PERSPECTIVE. Let _f_ be the level and distance of the eye; and _a_ the vertical plane, as high as a man; let _e_ be a man, then I say that on the plane this will be the distance from the plane to the 2nd man."
2;dentro;es;¿Cómo logro que una figura pintada parezca tener relieve?;0.8192;0.8017;si;552;OF HELPING THE APPARENT RELIEF OF A PICTURE BY GIVING IT ARTIFICIAL LIGHT AND SHADE. To increase relief of a picture you may place, between your figure and the solid object on which its shadow falls, a line of bright light, dividing the figure from the object in shadow. And on the same object you shall represent two light parts which will surround the shadow cast upon the wall by the figure placed
2;dentro;es;¿Qué es la perspectiva aérea?;0.8236;0.8017;si;295;"OF AERIAL PERSPECTIVE. There is another kind of perspective which I call Aerial Perspective, because by the atmosphere we are able to distinguish the variations in distance of different buildings, which appear placed on a single line; as, for instance, when we see several buildings beyond a wall, all of which, as they appear above the top of the wall, look of the same size, while you wish to repre"
2;dentro;es;¿Por qué el aire lejano se vuelve azul?;0.8093;0.8017;si;434;"OF THE LIGHTS ON DARK LEAVES. The lights on such leaves which are darkest, will be most near to the colour of the atmosphere that is reflected in them. And the cause of this is that the light on the illuminated portion mingles with the dark hue to compose a blue colour; and this light is produced by the blueness of the atmosphere which is reflected in the smooth surface of these leaves and adds to"
2;dentro;es;¿Cómo se debe representar el humo en un cuadro?;0.8091;0.8017;si;525;"If you want to represent a figure on a wall, the wall being foreshortened, while the figure is to appear in its proper form, and as standing free from the wall, you must proceed thus: have a thin plate of iron and make a small hole in the centre; this hole must be round. Set a light close to it in such a position as that it shines through the central hole, then place any object or figure you pleas"
2;dentro;es;¿De qué manera hay que estudiar el movimiento del agua?;0.8194;0.8017;si;2;When you put together the science of the motions of water, remember to include under each proposition its application and use, in order that this science may not be useless.-- Admonition to readers.
2;dentro;es;¿Qué forma toman las olas cuando el viento sopla sobre un lago?;0.8086;0.8017;si;605;Describe a wind on land and at sea. Describe a storm of rain.
2;dentro;es;¿Cómo cae el agua desde una gran altura?;0.8224;0.8017;si;938;OF THE EARTH. The great elevations of the peaks of the mountains above the sphere of the water may have resulted from this that: a very large portion of the earth which was filled with water that is to say the vast cavern inside the earth may have fallen in a vast part of its vault towards the centre of the earth, being pierced by means of the course of the springs which continually wear away the 
2;dentro;es;¿Por qué se encuentran conchas marinas en la cima de las montañas?;0.8131;0.8017;si;992;Why do we find the bones of great fishes and oysters and corals and various other shells and sea-snails on the high summits of mountains by the sea, just as we find them in low seas?
2;dentro;es;¿Cómo se forman y se deshacen las nubes?;0.8513;0.8017;si;474;Describe how the clouds are formed and how they dissolve, and what cause raises vapour.
2;dentro;es;¿Por qué brilla la luna de noche?;0.8136;0.8017;si;896;"OF THE MOON. The moon has no light in itself; but so much of it as faces the sun is illuminated, and of that illumined portion we see so much as faces the earth. And the moon's night receives just as much light as is lent it by our waters as they reflect the image of the sun, which is mirrored in all those waters which are on the side towards the sun. The outside or surface of the waters forming t"
2;dentro;es;¿Cómo funciona el ojo humano?;0.8311;0.8017;si;829;"OF THE EYES IN ANIMALS. The eyes of all animals have their pupils adapted to dilate and diminish of their own accord in proportion to the greater or less light of the sun or other luminary. But in birds the variation is much greater; and particularly in nocturnal birds, such as horned owls, and in the eyes of one species of owl; in these the pupil dilates in such away as to occupy nearly the whole"
2;dentro;es;¿Qué ocurre dentro de una cámara oscura con un agujero pequeño?;0.8183;0.8017;si;273;The edges of a colour(ed object) transmitted through a small hole are more conspicuous than the central portions. The edges of the images, of whatever colour, which are transmitted through a small aperture into a dark chamber will always be stronger than the middle portions.
2;dentro;es;¿Cómo se comporta la luz al pasar por una abertura estrecha?;0.8081;0.8017;si;519;That the light should fall upon a picture from one window only. This may be seen in the case of objects in this form. If you want to represent a round ball at a certain height you must make it oval in this shape, and stand so far off as that by foreshortening it appears round.
2;dentro;es;¿Cómo debe el pintor estudiar la sombra?;0.8043;0.8017;si;493;"OF THE LIFE OF THE PAINTER IN THE COUNTRY. A painter needs such mathematics as belong to painting. And the absence of all companions who are alienated from his studies; his brain must be easily impressed by the variety of objects, which successively come before him, and also free from other cares . And if, when considering and defining one subject, a second subject intervenes--as happens when an o"
2;dentro;es;¿Qué diferencia hay entre la sombra primitiva y la derivada?;0.8405;0.8017;si;163;The derived shadow can never resemble the body from which it proceeds unless the light is of the same form and size as the body causing the shadow. The derived shadow cannot be of the same form as the primary shadow unless it is intercepted by a plane parallel to it.
2;dentro;es;¿Cómo se pintan los pliegues de los paños?;0.7914;0.8017;NO;628;TO PREPARE A PANEL FOR PAINTING ON. The panel should be cypress or pear or service-tree or walnut. You must coat it over with mastic and turpentine twice distilled and white or, if you like, lime, and put it in a frame so that it may expand and shrink according to its moisture and dryness. Then give it [a coat] of aqua vitae in which you have dissolved arsenic or [corrosive] sublimate, 2 or 3 time
2;dentro;es;¿Cómo se dibuja el cabello cuando está en movimiento?;0.7970;0.8017;NO;389;"Observe the motion of the surface of the water which resembles that of hair, and has two motions, of which one goes on with the flow of the surface, the other forms the lines of the eddies; thus the water forms eddying whirlpools one part of which are due to the impetus of the principal current and the other to the incidental motion and return flow. On draperies (390--392)."
2;dentro;es;¿Qué proporción hay entre la cabeza y el cuerpo entero?;0.8291;0.8017;si;334;From the roots of the hair to the top of the breast _a b_ is the sixth part of the height of a man and this measure is equal. From the outside part of one shoulder to the other is the same distance as from the top of the breast to the navel and this measure goes four times from the sole of the foot to the lower end of the nose. The [thickness of] the arm where it springs from the shoulder in front
2;dentro;es;¿Cuántas cabezas mide un hombre bien proporcionado?;0.8201;0.8017;si;309;"If a man 2 braccia high is too small, one of four is too tall, the medium being what is admirable. Between 2 and 4 comes 3; therefore take a man of 3 braccia in height and measure him by the rule I will give you. If you tell me that I may be mistaken, and judge a man to be well proportioned who does not conform to this division, I answer that you must look at many men of 3 braccia, and out of the "
2;dentro;es;¿Cuáles son las proporciones del caballo?;0.8101;0.8017;si;718;Measurement of the Sicilian horse the leg from behind, seen in front, lifted and extended. Occasional references to the Sforza monument (719-724).
2;dentro;es;¿Cómo se mueven los tendones de la mano?;0.8274;0.8017;si;353;"The principal movements of the hand are 10; that is forwards, backwards, to right and to left, in a circular motion, up or down, to close and to open, and to spread the fingers or to press them together."
2;dentro;es;¿Qué debe saber el pintor de los huesos para dibujar el cuerpo?;0.8292;0.8017;si;488;OF PAINTING. It is indispensable to a Painter who would be thoroughly familiar with the limbs in all the positions and actions of which they are capable, in the nude, to know the anatomy of the sinews, bones, muscles and tendons so that, in their various movements and exertions, he may know which nerve or muscle is the cause of each movement and show those only as prominent and thickened, and not 
2;dentro;es;¿Cómo se representa el rostro de un anciano?;0.8218;0.8017;si;594;OF REPRESENTING A MAN SPEAKING TO A MULTITUDE. When you wish to represent a man speaking to a number of people, consider the matter of which he has to treat and adapt his action to the subject. Thus, if he speaks persuasively, let his action be appropriate to it. If the matter in hand be to set forth an argument, let the speaker, with the fingers of the right hand hold one finger of the left hand,
2;dentro;es;¿Cómo se pintan las expresiones del rostro?;0.8114;0.8017;si;659;"Though you may be able to tell or write the exact description of forms, the painter can so depict them that they will appear alive, with the shadow and light which show the expression of a face; which you cannot accomplish with the pen though it can be achieved by the brush. On the history of painting (660. 661)."
2;dentro;es;¿Cómo debe componerse una escena de batalla?;0.8063;0.8017;si;601;"OF THE WAY OF REPRESENTING A BATTLE. First you must represent the smoke of artillery mingling in the air with the dust and tossed up by the movement of horses and the combatants. And this mixture you must express thus: The dust, being a thing of earth, has weight; and although from its fineness it is easily tossed up and mingles with the air, it nevertheless readily falls again. It is the finest p"
2;dentro;es;¿Es la pintura superior a la escultura?;0.8065;0.8017;si;528;Why are paintings seen more correctly in a mirror than out of it?
2;dentro;es;¿Qué debe hacer el pintor cuando está solo?;0.8071;0.8017;si;493;"OF THE LIFE OF THE PAINTER IN THE COUNTRY. A painter needs such mathematics as belong to painting. And the absence of all companions who are alienated from his studies; his brain must be easily impressed by the variety of objects, which successively come before him, and also free from other cares . And if, when considering and defining one subject, a second subject intervenes--as happens when an o"
2;dentro;es;¿Conviene juzgar la propia obra mirándola en un espejo?;0.8250;0.8017;si;530;"OF JUDGING YOUR OWN PICTURES. We know very well that errors are better recognised in the works of others than in our own; and that often, while reproving little faults in others, you may ignore great ones in yourself. To avoid such ignorance, in the first place make yourself a master of perspective, then acquire perfect knowledge of the proportions of men and other animals, and also, study good ar"
2;dentro;es;¿Por qué es importante dibujar del natural?;0.8150;0.8017;si;1560;"Ut bene respondet Naturae ars docta! dedisset Vincius, ut tribuit cetera  sic animam  Noluit ut similis magis haec foret: altera sic est: Possidet illius Maurus amans animam. Hujus quam cernis nomen Lucretia, Divi Omnia cui larga contribuere manu. Rara huic forma data est; pinxit Leonardos, amavit Maurus, pictorum primus hic, ille ducum. Naturam, ac superas hac laesit imagine Divas Pictor: tantu"
2;dentro;es;¿Cómo se ejercita la memoria visual?;0.7962;0.8017;NO;82;An experiment showing that though the pupil may not be moved from its position the objects seen by it may appear to move from their places. If you look at an object at some distance from you and which is below the eye, and fix both your eyes upon it and with one hand firmly hold the upper lid open while with the other you push up the under lid--still keeping your eyes fixed on the object gazed at-
2;dentro;es;¿Cómo vuelan las aves contra el viento?;0.8088;0.8017;si;820;Of the flight of the 4th kind of butterflies that consume winged ants. Of the three principal positions of the wings of birds in downward flight.
2;dentro;es;¿Qué hace el ave con la cola cuando gira en el aire?;0.7992;0.8017;NO;1126;An object offers as much resistance to the air as the air does to the object. You may see that the beating of its wings against the air supports a heavy eagle in the highest and rarest atmosphere, close to the sphere of elemental fire. Again you may see the air in motion over the sea, fill the swelling sails and drive heavily laden ships. From these instances, and the reasons given, a man with win
2;dentro;es;¿Se puede construir una máquina para que el hombre vuele?;0.8002;0.8017;NO;1122;Man when flying must stand free from the waist upwards so as to be able to balance himself as he does in a boat so that the centre of gravity in himself and in the machine may counterbalance each other, and be shifted as necessity demands for the changes of its centre of resistance.
2;dentro;es;¿Cómo se reparte el peso en un arco?;0.8169;0.8017;si;779;"WHAT IS AN ARCH? The arch is nothing else than a force originated by two weaknesses, for the arch in buildings is composed of two segments of a circle, each of which being very weak in itself tends to fall; but as each opposes this tendency in the other, the two weaknesses combine to form one strength. OF THE KIND OF PRESSURE IN ARCHES. As the arch is a composite force it remains in equilibrium be"
2;dentro;es;¿Cómo se levanta un peso por medio de poleas?;0.7989;0.8017;NO;762;"THE WAY TO CONSTRUCT A FRAME-WORK FOR DECORATING BUILDINGS. The way in which the poles ought to be placed for tying bunches of juniper on to them. These poles must lie close to the framework of the vaulting and tie the bunches on with osier withes, so as to clip them even afterwards with shears. Let the distance from one circle to another be half a braccia; and the juniper [sprigs] must lie top do"
2;dentro;es;¿Cómo se debe fortificar una ciudad?;0.8041;0.8017;si;1203;"There will be eternal fame also for the inhabitants of that town, constructed and enlarged by him. All communities obey and are led by their magnates, and these magnates ally themselves with the lords and subjugate them in two ways: either by consanguinity, or by fortune; by consanguinity, when their children are, as it were, hostages, and a security and pledge of their suspected fidelity; by prop"
2;dentro;es;¿Cómo crecen las ramas de un árbol?;0.8099;0.8017;si;416;"OF THE RAMIFICATIONS OF TREES AND THEIR FOLIAGE. The ramifications of any tree, such as the elm, are wide and slender after the manner of a hand with spread fingers, foreshortened. And these are seen in the distribution [thus]: the lower portions are seen from above; and those that are above are seen from below; and those in the middle, some from below and some from above. The upper part is the ex"
2;dentro;es;¿Por qué las hojas se disponen así alrededor del tallo?;0.8117;0.8017;si;418;"A leaf always turns its upper side towards the sky so that it may the better receive, on all its surface, the dew which drops gently from the atmosphere. And these leaves are so distributed on the plant as that one shall cover the other as little as possible, but shall lie alternately one above another as may be seen in the ivy which covers the walls. And this alternation serves two ends; that is,"
2;dentro;en;How do I make a painted figure appear to have relief?;0.8823;0.8592;si;552;OF HELPING THE APPARENT RELIEF OF A PICTURE BY GIVING IT ARTIFICIAL LIGHT AND SHADE. To increase relief of a picture you may place, between your figure and the solid object on which its shadow falls, a line of bright light, dividing the figure from the object in shadow. And on the same object you shall represent two light parts which will surround the shadow cast upon the wall by the figure placed
2;dentro;en;What is aerial perspective?;0.8704;0.8592;si;295;"OF AERIAL PERSPECTIVE. There is another kind of perspective which I call Aerial Perspective, because by the atmosphere we are able to distinguish the variations in distance of different buildings, which appear placed on a single line; as, for instance, when we see several buildings beyond a wall, all of which, as they appear above the top of the wall, look of the same size, while you wish to repre"
2;dentro;en;Why does the distant air turn blue?;0.9105;0.8592;si;868;Beyond the sun and us there is darkness and so the air appears blue.
2;dentro;en;How should smoke be represented in a picture?;0.8745;0.8592;si;570;OF PAINTING. The density of a body of smoke looks white below the horizon while above the horizon it is dark, even if the smoke is in itself of a uniform colour, this uniformity will vary according to the variety in the ground on which it is seen. IV. OF PORTRAIT AND FIGURE PAINTING. Of sketching figures and portraits (571-572).
2;dentro;en;In what manner should the motion of water be studied?;0.8609;0.8592;si;2;When you put together the science of the motions of water, remember to include under each proposition its application and use, in order that this science may not be useless.-- Admonition to readers.
2;dentro;en;What shape do waves take when the wind blows over a lake?;0.8345;0.8592;NO;605;Describe a wind on land and at sea. Describe a storm of rain.
2;dentro;en;How does water fall from a great height?;0.8781;0.8592;si;966;WHETHER WATER RISES FROM THE SEA TO THE TOPS OF MOUNTAINS. The water of the ocean cannot make its way from the bases to the tops of the mountains which bound it, but only so much rises as the dryness of the mountain attracts. And if, on the contrary, the rain, which penetrates from the summit of the mountain to the base, which is the boundary of the sea, descends and softens the slope opposite to 
2;dentro;en;Why are sea shells found on the tops of mountains?;0.9038;0.8592;si;992;Why do we find the bones of great fishes and oysters and corals and various other shells and sea-snails on the high summits of mountains by the sea, just as we find them in low seas?
2;dentro;en;How are clouds formed and how do they dissolve?;0.9313;0.8592;si;474;Describe how the clouds are formed and how they dissolve, and what cause raises vapour.
2;dentro;en;Why does the moon shine at night?;0.8875;0.8592;si;877;This will have before it the treatise on light and shade. The edges in the moon will be most strongly lighted and reflect most light, because, there, nothing will be visible but the tops of the waves of the water .
2;dentro;en;How does the human eye work?;0.8907;0.8592;si;86;"A simple and natural method; showing how objects appear to the eye without any other medium. The object that is nearest to the eye always seems larger than another of the same size at greater distance. The eye _m_, seeing the spaces _o v x_, hardly detects the difference between them, and the. reason of this is that it is close to them ; but if these spaces are marked on the vertical plane _n o_ t"
2;dentro;en;What happens inside a dark chamber with a small hole?;0.8815;0.8592;si;273;The edges of a colour(ed object) transmitted through a small hole are more conspicuous than the central portions. The edges of the images, of whatever colour, which are transmitted through a small aperture into a dark chamber will always be stronger than the middle portions.
2;dentro;en;How does light behave when it passes through a narrow opening?;0.8937;0.8592;si;77;THE PRINCIPLE ON WHICH THE IMAGES OF BODIES PASS IN BETWEEN THE MARGINS OF THE OPENINGS BY WHICH THEY ENTER. What difference is there in the way in which images pass through narrow openings and through large openings, or in those which pass by the sides of shaded bodies? By moving the edges of the opening through which the images are admitted, the images of immovable objects are made to move. And 
2;dentro;en;How should the painter study shadow?;0.8668;0.8592;si;554;"OF THE JUDGMENT TO BE MADE OF A PAINTER'S WORK. First you must consider whether the figures have the relief required by their situation and the light which illuminates them; for the shadows should not be the same at the extreme ends of the composition as in the middle, because it is one thing when figures are surrounded by shadows and another when they have shadows only on one side. Those which ar"
2;dentro;en;What is the difference between primary and derived shadow?;0.9072;0.8592;si;163;The derived shadow can never resemble the body from which it proceeds unless the light is of the same form and size as the body causing the shadow. The derived shadow cannot be of the same form as the primary shadow unless it is intercepted by a plane parallel to it.
2;dentro;en;How should the folds of drapery be painted?;0.8593;0.8592;si;392;"You ought not to give to drapery a great confusion of many folds, but rather only introduce them where they are held by the hands or the arms; the rest you may let fall simply where it is its nature to flow; and do not let the nude forms be broken by too many details and interrupted folds. How draperies should be drawn from nature: that is to say if youwant to represent woollen cloth draw the fold"
2;dentro;en;How is hair drawn when it is in motion?;0.8723;0.8592;si;389;"Observe the motion of the surface of the water which resembles that of hair, and has two motions, of which one goes on with the flow of the surface, the other forms the lines of the eddies; thus the water forms eddying whirlpools one part of which are due to the impetus of the principal current and the other to the incidental motion and return flow. On draperies (390--392)."
2;dentro;en;What is the proportion between the head and the whole body?;0.8772;0.8592;si;317;From the top of the head to the bottom of the chin is 1/9, and from the roots of the hair to the chin is 1/9 of the distance from the roots of the hair to the ground. The greatest width of the face is equal to the space between the mouth and the roots of the hair and is 1/12 of the whole height. From the top of the ear to the top of the head is equal to the distance from the bottom of the chin to 
2;dentro;en;How many heads tall is a well proportioned man?;0.8482;0.8592;NO;309;"If a man 2 braccia high is too small, one of four is too tall, the medium being what is admirable. Between 2 and 4 comes 3; therefore take a man of 3 braccia in height and measure him by the rule I will give you. If you tell me that I may be mistaken, and judge a man to be well proportioned who does not conform to this division, I answer that you must look at many men of 3 braccia, and out of the "
2;dentro;en;What are the proportions of a horse?;0.8458;0.8592;NO;718;Measurement of the Sicilian horse the leg from behind, seen in front, lifted and extended. Occasional references to the Sforza monument (719-724).
2;dentro;en;How do the tendons of the hand move?;0.8928;0.8592;si;353;"The principal movements of the hand are 10; that is forwards, backwards, to right and to left, in a circular motion, up or down, to close and to open, and to spread the fingers or to press them together."
2;dentro;en;What must a painter know of bones to draw the body?;0.8760;0.8592;si;488;OF PAINTING. It is indispensable to a Painter who would be thoroughly familiar with the limbs in all the positions and actions of which they are capable, in the nude, to know the anatomy of the sinews, bones, muscles and tendons so that, in their various movements and exertions, he may know which nerve or muscle is the cause of each movement and show those only as prominent and thickened, and not 
2;dentro;en;How should the face of an old man be represented?;0.8864;0.8592;si;594;OF REPRESENTING A MAN SPEAKING TO A MULTITUDE. When you wish to represent a man speaking to a number of people, consider the matter of which he has to treat and adapt his action to the subject. Thus, if he speaks persuasively, let his action be appropriate to it. If the matter in hand be to set forth an argument, let the speaker, with the fingers of the right hand hold one finger of the left hand,
2;dentro;en;How are the expressions of the face painted?;0.8671;0.8592;si;659;"Though you may be able to tell or write the exact description of forms, the painter can so depict them that they will appear alive, with the shadow and light which show the expression of a face; which you cannot accomplish with the pen though it can be achieved by the brush. On the history of painting (660. 661)."
2;dentro;en;How should a battle scene be composed?;0.8427;0.8592;NO;601;"OF THE WAY OF REPRESENTING A BATTLE. First you must represent the smoke of artillery mingling in the air with the dust and tossed up by the movement of horses and the combatants. And this mixture you must express thus: The dust, being a thing of earth, has weight; and although from its fineness it is easily tossed up and mingles with the air, it nevertheless readily falls again. It is the finest p"
2;dentro;en;Is painting superior to sculpture?;0.8637;0.8592;si;528;Why are paintings seen more correctly in a mirror than out of it?
2;dentro;en;What should the painter do when he is alone?;0.8546;0.8592;NO;494;OF THE LIFE OF THE PAINTER IN HIS STUDIO. To the end that well-being of the body may not injure that of the mind, the painter or draughtsman must remain solitary, and particularly when intent on those studies and reflections which will constantly rise up before his eye, giving materials to be well stored in the memory. While you are alone you are entirely your own [master] and if you have one comp
2;dentro;en;Is it good to judge one's own work in a mirror?;0.9155;0.8592;si;530;"OF JUDGING YOUR OWN PICTURES. We know very well that errors are better recognised in the works of others than in our own; and that often, while reproving little faults in others, you may ignore great ones in yourself. To avoid such ignorance, in the first place make yourself a master of perspective, then acquire perfect knowledge of the proportions of men and other animals, and also, study good ar"
2;dentro;en;Why is it important to draw from nature?;0.8896;0.8592;si;515;THAT THE LIGHT FOR DRAWING FROM NATURE SHOULD BE HIGH UP. The light for drawing from nature should come from the North in order that it may not vary. And if you have it from the South, keep the window screened with cloth, so that with the sun shining the whole day the light may not vary. The height of the light should be so arranged as that every object shall cast a shadow on the ground of the sam
2;dentro;en;How does one train the visual memory?;0.8734;0.8592;si;531;"OF A METHOD OF LEARNING WELL BY HEART. When you want to know a thing you have studied in your memory proceed in this way: When you have drawn the same thing so many times that you think you know it by heart, test it by drawing it without the model; but have the model traced on flat thin glass and lay this on the drawing you have made without the model, and note carefully where the tracing does not"
2;dentro;en;How do birds fly against the wind?;0.8782;0.8592;si;472;"Trees struck by the force of the wind bend to the side towards which the wind is blowing; and the wind being past they bend in the contrary direction, that is in reverse motion."
2;dentro;en;What does a bird do with its tail when it turns in the air?;0.8548;0.8592;NO;1259;trochilus, a very small bird, runs at once to its mouth and hops among its teeth and goes pecking out the remains of the food, and so inciting it with voluptuous delight tempts it to open the whole of its mouth, and so it sleeps. This being observed by the ichneumon it flings itself into its mouth and perforates its stomach and bowels, and finally kills it. THE DOLPHIN. Nature has given such knowl
2;dentro;en;Can a machine be built that allows a man to fly?;0.8691;0.8592;si;1122;Man when flying must stand free from the waist upwards so as to be able to balance himself as he does in a boat so that the centre of gravity in himself and in the machine may counterbalance each other, and be shifted as necessity demands for the changes of its centre of resistance.
2;dentro;en;How is weight distributed in an arch?;0.8721;0.8592;si;788;"An Experiment to show that a weight placed on an arch does not discharge itself entirely on its columns; on the contrary the greater the weight placed on the arches, the less the arch transmits the weight to the columns. The experiment is the following. Let a man be placed on a steel yard in the middle of the shaft of a well, then let him spread out his hands and feet between the walls of the well"
2;dentro;en;How is a weight raised by means of pulleys?;0.8366;0.8592;NO;369;A sitting man cannot raise himself if that part of his body which is front of his axis [centre of gravity] does not weigh more than that which is behind that axis [or centre] without using his arms. A man who is mounting any slope finds that he must involuntarily throw the most weight forward, on the higher foot, rather than behind--that is in front of the axis and not behind it. Hence a man will 
2;dentro;en;How should a city be fortified?;0.8289;0.8592;NO;1203;"There will be eternal fame also for the inhabitants of that town, constructed and enlarged by him. All communities obey and are led by their magnates, and these magnates ally themselves with the lords and subjugate them in two ways: either by consanguinity, or by fortune; by consanguinity, when their children are, as it were, hostages, and a security and pledge of their suspected fidelity; by prop"
2;dentro;en;How do the branches of a tree grow?;0.8828;0.8592;si;407;"The lowest branches, after they have formed the angle of their separation from the parent stem, always bend downwards so as not to crowd against the other branches which follow them on the same stem and to be better able to take the air which nourishes them. As is shown by the angle _b a c_; the branch _a c_ after it has made the corner of the angle _a c_ bends downwards to _c d_ and the lesser sh"
2;fuera;es;¿Por qué sonríe así la Gioconda?;0.7916;0.8017;si;1560;"Ut bene respondet Naturae ars docta! dedisset Vincius, ut tribuit cetera  sic animam  Noluit ut similis magis haec foret: altera sic est: Possidet illius Maurus amans animam. Hujus quam cernis nomen Lucretia, Divi Omnia cui larga contribuere manu. Rara huic forma data est; pinxit Leonardos, amavit Maurus, pictorum primus hic, ille ducum. Naturam, ac superas hac laesit imagine Divas Pictor: tantu"
2;fuera;es;¿Dónde está hoy la Mona Lisa?;0.7690;0.8017;si;1489;"_It may be incidentally remarked that no sketches are known for the portrait of ""Mona Lisa"", nor do the MS. notes ever allude to it, though according to Vasari the master had it in hand for fully four years. Leonardo's cartoon for the picture of the battle of Anghiari has shared the fate of the rival work, Michaelangelo's ""Bathers summoned to Battle"". Both have been lost in some wholly inexplicabl"
2;fuera;es;¿Cuánto vale el Salvator Mundi?;0.7889;0.8017;si;1546;Miseracione divina sacro sancte Romane ecclesie tituli n cardinalis 2wulgariter nuncupatus venerabili religioso fratri Johanni Mair d'Nustorf 3ordinis praedicatorum provintie teutonie (?) conventus Wiennensis capellano 4 nostro commensali salutem in dno sempi- ternam Religione zelus rite ac in [ferite?] 5honestas aliarumque laudabilium probitatis et virtutum merita quibus apud nos fide 6digno comm
2;fuera;es;¿Qué sentiste al pintar La Última Cena?;0.8040;0.8017;NO;662;The painter strives and competes with nature. _X. Studies and Sketches for Pictures and Decorations. An artist's manuscript notes can hardly be expected to contain any thing more than incidental references to those masterpieces of his work of which the fame, sounded in the writings of his contemporaries, has left a glorious echo to posterity. We need not therefore be surprised to find that the tex
2;fuera;es;¿Peleaste con Miguel Ángel en Florencia?;0.8424;0.8017;NO;1563;Memorandum to Maestro Lionardo to have ... the state of Florence.
2;fuera;es;¿Qué opinás de la Capilla Sixtina?;0.7908;0.8017;si;1560;"Ut bene respondet Naturae ars docta! dedisset Vincius, ut tribuit cetera  sic animam  Noluit ut similis magis haec foret: altera sic est: Possidet illius Maurus amans animam. Hujus quam cernis nomen Lucretia, Divi Omnia cui larga contribuere manu. Rara huic forma data est; pinxit Leonardos, amavit Maurus, pictorum primus hic, ille ducum. Naturam, ac superas hac laesit imagine Divas Pictor: tantu"
2;fuera;es;¿Qué pensás de Rafael?;0.7972;0.8017;si;1382;Ask maestro Lodovico for 'the conduits of water'. F1. Uff.]
2;fuera;es;¿Cómo era tu relación con Salaì?;0.8080;0.8017;NO;1528;"On the day of October, 1508, I had 30 scudi; 13 I lent to Salai to make up his sister's dowry, and 17 I have left."
2;fuera;es;¿Tuviste hijos?;0.8054;0.8017;NO;1558;"**IlavTcov avTKX[AcpXt(uv Suo soostai smataupovTou; 2irptoo[Aiaaai w avepu>uo? 'Ae7]vac ToT? Qs.oi<; 8sj(o[j-ai.** C.A.130a; 397a]"
2;fuera;es;¿Te casaste alguna vez?;0.7940;0.8017;si;1366;Tell me if ever I did a thing which me ....
2;fuera;es;¿Cómo era tu padre?;0.7974;0.8017;si;1354;"Dear Benedetto de' Pertarti. When the proud giant fell because of the bloody and miry state of the ground it was as though a mountain had fallen so that the country shook as with an earthquake, and terror fell on Pluto in hell. From the violence of the shock he lay as stunned on the level ground. Suddenly the people, seeing him as one killed by a thunderbolt, turned back; like ants running wildly "
2;fuera;es;¿Es cierto que te juzgaron en Florencia?;0.7996;0.8017;si;1131;"Of decorations. White and sky-blue cloths, woven in checks to make a decoration. Cloths with the threads drawn at _a b c d e f g h i k_, to go round the decoration. _XIX._ _Philosophical Maxims. Morals. Polemics and Speculations_. _Vasari indulges in severe strictures on Leonardo's religious views. He speaks, among other things, of his_ ""capricci nel filosofar delle cose naturali"" _and says on thi"
2;fuera;es;¿Dónde estás enterrado?;0.7971;0.8017;si;843;"HOW THE BODY OF ANIMALS IS CONSTANTLY DYING AND BEING RENEWED. The body of any thing whatever that takes nourishment constantly dies and is constantly renewed; because nourishment can only enter into places where the former nourishment has expired, and if it has expired it no longer has life. And if you do not supply nourishment equal to the nourishment which is gone, life will fail in vigour, and"
2;fuera;es;¿De qué moriste?;0.8146;0.8017;NO;1546;Miseracione divina sacro sancte Romane ecclesie tituli n cardinalis 2wulgariter nuncupatus venerabili religioso fratri Johanni Mair d'Nustorf 3ordinis praedicatorum provintie teutonie (?) conventus Wiennensis capellano 4 nostro commensali salutem in dno sempi- ternam Religione zelus rite ac in [ferite?] 5honestas aliarumque laudabilium probitatis et virtutum merita quibus apud nos fide 6digno comm
2;fuera;es;¿Qué edad tenías cuando moriste?;0.7939;0.8017;si;1565;XVIo* C. 6 de Ciuitate Dei, 2*se Antipodes.
2;fuera;es;¿Quién ganó las últimas elecciones en Argentina?;0.7471;0.8017;si;1069;GERMANY. FRANCE. a. Austria, a. Picardy. b. Saxony. b. Normandy. c. Nuremberg. c. Dauphine. d. Flanders. SPAIN. a. Biscay. b. Castille. c. Galicia. d. Portugal. e. Taragona. f. Granada.
2;fuera;es;¿Qué opinás del presidente de los Estados Unidos?;0.7882;0.8017;si;1191;"Ask counsel of him who rules himself well. Justice requires power, insight, and will; and it resembles the queen-bee. He who does not punish evil commands it to be done. He who takes the snake by the tail will presently be bitten by it. The grave will fall in upon him who digs it."
2;fuera;es;¿Qué está pasando con la guerra en Ucrania?;0.7614;0.8017;si;1302;Men will deal bitter blows to that which is the cause of their life. (In thrashing Grain.) The skins of animals will rouse men from their silence with great outcries and curses. (Balls for playing Games.) Very often a thing that is itself broken is the occasion of much union. (That is the Comb made of split Cane which unites the threads of Silk.) The wind passing through the skins of animals will 
2;fuera;es;¿Qué te parece la Unión Europea?;0.8122;0.8017;NO;1560;"Ut bene respondet Naturae ars docta! dedisset Vincius, ut tribuit cetera  sic animam  Noluit ut similis magis haec foret: altera sic est: Possidet illius Maurus amans animam. Hujus quam cernis nomen Lucretia, Divi Omnia cui larga contribuere manu. Rara huic forma data est; pinxit Leonardos, amavit Maurus, pictorum primus hic, ille ducum. Naturam, ac superas hac laesit imagine Divas Pictor: tantu"
2;fuera;es;¿Cómo funciona internet?;0.7947;0.8017;si;65;"PERSPECTIVE. The air is filled with endless images of the objects distributed in it; and all are represented in all, and all in one, and all in each, whence it happens that if two mirrors are placed in such a manner as to face each other exactly, the first will be reflected in the second and the second in the first. The first being reflected in the second takes to it the image of itself with all t"
2;fuera;es;¿Qué es una criptomoneda?;0.7688;0.8017;si;926;A book of the ordering of rivers so as to preserve their banks. A book of the mountains, which would stand forth and become land, if our hemisphere were to be uncovered by the water. A book of the earth carried down by the waters to fill up the great abyss of the seas. A book of the ways in which a tempest may of itself clear out filled up sea-ports. A book of the shores of rivers and of their per
2;fuera;es;¿Cómo funciona un teléfono inteligente?;0.7832;0.8017;si;69;A parallel case. Just as a stone flung into the water becomes the centre and cause of many circles, and as sound diffuses itself in circles in the air: so any object, placed in the luminous atmosphere, diffuses itself in circles, and fills the surrounding air with infinite images of itself. And is repeated, the whole every-where, and the whole in every smallest part. This can be proved by experime
2;fuera;es;¿Qué red social me conviene usar?;0.7834;0.8017;si;1342;You would like to see a model which will prove useful to you and to me, also it will be of use to those who will be the cause of our usefulness.
2;fuera;es;¿Qué auto me conviene comprar?;0.7937;0.8017;si;1069;GERMANY. FRANCE. a. Austria, a. Picardy. b. Saxony. b. Normandy. c. Nuremberg. c. Dauphine. d. Flanders. SPAIN. a. Biscay. b. Castille. c. Galicia. d. Portugal. e. Taragona. f. Granada.
2;fuera;es;¿Cómo funciona una vacuna?;0.7969;0.8017;si;1558;"**IlavTcov avTKX[AcpXt(uv Suo soostai smataupovTou; 2irptoo[Aiaaai w avepu>uo? 'Ae7]vac ToT? Qs.oi<; 8sj(o[j-ai.** C.A.130a; 397a]"
2;fuera;es;¿Qué es el cambio climático?;0.7916;0.8017;si;941;"OF THE HEAT THAT IS IN THE WORLD. Where there is life there is heat, and where vital heat is, there is movement of vapour. This is proved, inasmuch as we see that the element of fire by its heat always draws to itself damp vapours and thick mists as opaque clouds, which it raises from seas as well as lakes and rivers and damp valleys; and these being drawn by degrees as far as the cold region, the"
2;fuera;es;¿Cuándo llegó el hombre a la Luna?;0.7854;0.8017;si;1560;"Ut bene respondet Naturae ars docta! dedisset Vincius, ut tribuit cetera  sic animam  Noluit ut similis magis haec foret: altera sic est: Possidet illius Maurus amans animam. Hujus quam cernis nomen Lucretia, Divi Omnia cui larga contribuere manu. Rara huic forma data est; pinxit Leonardos, amavit Maurus, pictorum primus hic, ille ducum. Naturam, ac superas hac laesit imagine Divas Pictor: tantu"
2;fuera;es;¿Cómo se llega a Marte?;0.7806;0.8017;si;1560;"Ut bene respondet Naturae ars docta! dedisset Vincius, ut tribuit cetera  sic animam  Noluit ut similis magis haec foret: altera sic est: Possidet illius Maurus amans animam. Hujus quam cernis nomen Lucretia, Divi Omnia cui larga contribuere manu. Rara huic forma data est; pinxit Leonardos, amavit Maurus, pictorum primus hic, ille ducum. Naturam, ac superas hac laesit imagine Divas Pictor: tantu"
2;fuera;es;¿Quién ganó el último Mundial?;0.7604;0.8017;si;1069;GERMANY. FRANCE. a. Austria, a. Picardy. b. Saxony. b. Normandy. c. Nuremberg. c. Dauphine. d. Flanders. SPAIN. a. Biscay. b. Castille. c. Galicia. d. Portugal. e. Taragona. f. Granada.
2;fuera;es;¿Quién es mejor, Messi o Maradona?;0.7886;0.8017;si;1382;Ask maestro Lodovico for 'the conduits of water'. F1. Uff.]
2;fuera;es;¿Cómo se juega al tenis?;0.7855;0.8017;si;358;"_a b_ the tendon and ankle in raising the heel approach each other by a finger's breadth; in lowering it they separate by a finger's breadth."
2;fuera;es;¿Cuándo son los próximos Juegos Olímpicos?;0.7667;0.8017;si;1565;XVIo* C. 6 de Ciuitate Dei, 2*se Antipodes.
2;fuera;es;¿Qué película me recomendás ver?;0.8013;0.8017;si;576;Where the shadow should be on the face. General suggestions for historical pictures (577-581).
2;fuera;es;¿Cómo se hace una pizza?;0.8031;0.8017;NO;617;"Very excellent will be a stiff white paper, made of the usual mixture and filtered milk of an herb called calves foot; and when this paper is prepared and damped and folded and wrapped up it may be mixed with the mixture and thus left to dry; but if you break it before it is moistened it becomes somewhat like the thin paste called _lasagne_ and you may then damp it and wrap it up and put it in the"
2;fuera;es;¿Cuál es la mejor serie de Netflix?;0.7669;0.8017;si;1069;GERMANY. FRANCE. a. Austria, a. Picardy. b. Saxony. b. Normandy. c. Nuremberg. c. Dauphine. d. Flanders. SPAIN. a. Biscay. b. Castille. c. Galicia. d. Portugal. e. Taragona. f. Granada.
2;fuera;es;¿Cuánto cuesta el alquiler en Buenos Aires?;0.7720;0.8017;si;1361;j lorezo\\\ 2 inbiadali\\\ 3 inferri de\\\ 4in lorezo\\\ 5[inno abuil]\\ 6 in acocatu\\\ 7 per la sella\\\ 8colte di lor\\\ 9v cavallott\\\ I0el uiagg\\\ IIal\\\ I2a lurez\\\ 13in biada\\\ 14inferri\\\ 15abuss\\\ 16in viagg\\\ 17alorz\\\
2;fuera;es;¿Me ayudás con mi declaración de impuestos?;0.7931;0.8017;si;1560;"Ut bene respondet Naturae ars docta! dedisset Vincius, ut tribuit cetera  sic animam  Noluit ut similis magis haec foret: altera sic est: Possidet illius Maurus amans animam. Hujus quam cernis nomen Lucretia, Divi Omnia cui larga contribuere manu. Rara huic forma data est; pinxit Leonardos, amavit Maurus, pictorum primus hic, ille ducum. Naturam, ac superas hac laesit imagine Divas Pictor: tantu"
2;fuera;en;Why does the Mona Lisa smile like that?;0.8425;0.8592;si;170;The shadow _m_ bears the same proportion to the shadow _n_ as the line _b c_ to the line _f c_.
2;fuera;en;Where is the Mona Lisa kept today?;0.8130;0.8592;si;1489;"_It may be incidentally remarked that no sketches are known for the portrait of ""Mona Lisa"", nor do the MS. notes ever allude to it, though according to Vasari the master had it in hand for fully four years. Leonardo's cartoon for the picture of the battle of Anghiari has shared the fate of the rival work, Michaelangelo's ""Bathers summoned to Battle"". Both have been lost in some wholly inexplicabl"
2;fuera;en;How much is the Salvator Mundi worth?;0.8068;0.8592;si;1344;I am greatly vexed to be in necessity, but I still more regret that this should be the cause of the hindrance of my wish which is always disposed to obey your Excellency. Perhaps your Excellency did not give further orders to Messer Gualtieri, believing that I had money enough. I am greatly annoyed that you should have found me in necessity, and that my having to earn my living should have hindere
2;fuera;en;What did you feel while painting the Last Supper?;0.8581;0.8592;si;662;The painter strives and competes with nature. _X. Studies and Sketches for Pictures and Decorations. An artist's manuscript notes can hardly be expected to contain any thing more than incidental references to those masterpieces of his work of which the fame, sounded in the writings of his contemporaries, has left a glorious echo to posterity. We need not therefore be surprised to find that the tex
2;fuera;en;Did you quarrel with Michelangelo in Florence?;0.8481;0.8592;si;1455;Search in Florence for...... *7. 36. _Meteora_. See No. 1448, 25.
2;fuera;en;What do you think of the Sistine Chapel?;0.8475;0.8592;si;1382;Ask maestro Lodovico for 'the conduits of water'. F1. Uff.]
2;fuera;en;What is your opinion of Raphael?;0.8461;0.8592;si;1382;Ask maestro Lodovico for 'the conduits of water'. F1. Uff.]
2;fuera;en;What was your relationship with Salai like?;0.8573;0.8592;si;1533;I gave to Salai 93 lire 6 soldi, of which I have had 67 lire and there remain 26 lire 6 soldi.
2;fuera;en;Did you have any children?;0.8252;0.8592;si;1359;As I told you in past days, you know that I am without any.... Francesco d'Antonio. Bernardo di Maestro Jacopo.
2;fuera;en;Were you ever married?;0.8265;0.8592;si;1366;Tell me if ever I did a thing which me ....
2;fuera;en;What was your father like?;0.8367;0.8592;si;1364;[When I did well, as a boy you used to put me in prison. Now if I do it being grown up, you will do worse to me.]
2;fuera;en;Is it true that you were put on trial in Florence?;0.8536;0.8592;si;1455;Search in Florence for...... *7. 36. _Meteora_. See No. 1448, 25.
2;fuera;en;Where are you buried?;0.8315;0.8592;si;1019;In the Cathedral at the pulley of the nail of the cross. Item. To place the mass _v r_ in the...
2;fuera;en;What did you die of?;0.8394;0.8592;si;845;Our life is made by the death of others. In dead matter insensible life remains, which, reunited to the stomachs of living beings, resumes life, both sensual and intellectual.
2;fuera;en;How old were you when you died?;0.8520;0.8592;si;1372;On the 9th of July 1504, Wednesday, at seven o'clock, died Ser Piero da Vinci, notary at the Palazzo del Podest*a, my father, --at seven o'clock, being eighty years old, leaving behind ten sons and two daughters.
2;fuera;en;Who won the last election in Argentina?;0.7628;0.8592;si;1450;Giuliano Condi[*1],--Tomaso Ridolf1,-- Tomaso Paganelli,--Nicolo delNero,--Simone Zasti,--Nasi,--the heir of Lionardo Manelli, --Guglielmo di Ser Martino,--Bartolomeo del Tovaglia,--Andrea Arrigucci,-- Nicolo Capponi,--Giovanni Portinari.
2;fuera;en;What do you think of the president of the United States?;0.8415;0.8592;si;1191;"Ask counsel of him who rules himself well. Justice requires power, insight, and will; and it resembles the queen-bee. He who does not punish evil commands it to be done. He who takes the snake by the tail will presently be bitten by it. The grave will fall in upon him who digs it."
2;fuera;en;What is happening with the war in Ukraine?;0.8359;0.8592;si;1299;Blood will be seen issuing from the torn flesh of men, and trickling down the surface. Men will have such cruel maladies that they will tear their flesh with their own nails. *(The Itch.)* Plants will be seen left without leaves, and the rivers standing still in their channels. The waters of the sea will rise above the high peaks of the mountains towards heaven and fall again on to the dwellings o
2;fuera;en;What do you think of the European Union?;0.8417;0.8592;si;1382;Ask maestro Lodovico for 'the conduits of water'. F1. Uff.]
2;fuera;en;How does the internet work?;0.8591;0.8592;si;65;"PERSPECTIVE. The air is filled with endless images of the objects distributed in it; and all are represented in all, and all in one, and all in each, whence it happens that if two mirrors are placed in such a manner as to face each other exactly, the first will be reflected in the second and the second in the first. The first being reflected in the second takes to it the image of itself with all t"
2;fuera;en;What is a cryptocurrency?;0.8040;0.8592;si;900;OF THE MOON. All my opponent's arguments to say that there is no water in the moon.
2;fuera;en;How does a smartphone work?;0.8544;0.8592;si;270;OF THE RAYS WHICH CONVEY THROUGH THE AIR THE IMAGES OF OBJECTS. All the minutest parts of the image intersect each other without interfering with each other. To prove this let _r_ be one of the sides of the hole, opposite to which let _s_ be the eye which sees the lower end _o_ of the line _n o_. The other extremity cannot transmit its image to the eye _s_ as it has to strike the end _r_ and it is
2;fuera;en;Which social network should I use?;0.8183;0.8592;si;1558;"**IlavTcov avTKX[AcpXt(uv Suo soostai smataupovTou; 2irptoo[Aiaaai w avepu>uo? 'Ae7]vac ToT? Qs.oi<; 8sj(o[j-ai.** C.A.130a; 397a]"
2;fuera;en;What car should I buy?;0.8369;0.8592;si;1382;Ask maestro Lodovico for 'the conduits of water'. F1. Uff.]
2;fuera;en;How does a vaccine work?;0.8546;0.8592;si;843;"HOW THE BODY OF ANIMALS IS CONSTANTLY DYING AND BEING RENEWED. The body of any thing whatever that takes nourishment constantly dies and is constantly renewed; because nourishment can only enter into places where the former nourishment has expired, and if it has expired it no longer has life. And if you do not supply nourishment equal to the nourishment which is gone, life will fail in vigour, and"
2;fuera;en;What is climate change?;0.8394;0.8592;si;1297;PROPHECIES. There will be many which will increase in their destruction. *(The Ball of Snow rolling over Snow.)* There will be many who, forgetting their existence and their name, will lie as dead on the spoils of other dead creatures. *(Sleeping on the Feathers of Birds.)* The East will be seen to rush to the West and the South to the North in confusion round and about the universe, with great no
2;fuera;en;When did man land on the Moon?;0.8045;0.8592;si;907;How the spots on the moon must have varied from what they formerly were, by reason of the course of its waters. On the moon's halo.
2;fuera;en;How do we get to Mars?;0.8571;0.8592;si;101;"Begin from the line _m f_ with the eye below; then go up and do the same with the line _n f_, then with the eye above and close to the 2 gauges on the ground look at _m n_; then as _c m_ is to _m n_ so will _n m_ be to _n s_. If _a n_ goes 3 times into _f b, m p_ will do the same into _p g_. Then go backwards so far as that _c d_ goes twice into _a n_ and _p g_ will be equal to _g h_. And _m p_ wi"
2;fuera;en;Who won the last World Cup?;0.7863;0.8592;si;1069;GERMANY. FRANCE. a. Austria, a. Picardy. b. Saxony. b. Normandy. c. Nuremberg. c. Dauphine. d. Flanders. SPAIN. a. Biscay. b. Castille. c. Galicia. d. Portugal. e. Taragona. f. Granada.
2;fuera;en;Who is better, Messi or Maradona?;0.8248;0.8592;si;1382;Ask maestro Lodovico for 'the conduits of water'. F1. Uff.]
2;fuera;en;How do you play tennis?;0.8392;0.8592;si;358;"_a b_ the tendon and ankle in raising the heel approach each other by a finger's breadth; in lowering it they separate by a finger's breadth."
2;fuera;en;When are the next Olympic Games?;0.8130;0.8592;si;697;A felled tree which is shooting again. I am still hopeful. A falcon, Time.
2;fuera;en;What film should I watch?;0.8409;0.8592;si;576;Where the shadow should be on the face. General suggestions for historical pictures (577-581).
2;fuera;en;How do you make a pizza?;0.8639;0.8592;NO;617;"Very excellent will be a stiff white paper, made of the usual mixture and filtered milk of an herb called calves foot; and when this paper is prepared and damped and folded and wrapped up it may be mixed with the mixture and thus left to dry; but if you break it before it is moistened it becomes somewhat like the thin paste called _lasagne_ and you may then damp it and wrap it up and put it in the"
2;fuera;en;What is the best series on Netflix?;0.8100;0.8592;si;40;ON PAINTING. Perspective is the best guide to the art of Painting.
2;fuera;en;How much is rent in Buenos Aires?;0.8061;0.8592;si;1511;On the first day of February, lire 1200. S.K.M.III. 47a]
2;fuera;en;Can you help me with my tax return?;0.8234;0.8592;si;1342;You would like to see a model which will prove useful to you and to me, also it will be of use to those who will be the cause of our usefulness.
2;fuera;en;What is the weather forecast for tomorrow?;0.8409;0.8592;si;697;A felled tree which is shooting again. I am still hopeful. A falcon, Time.
